eta,f,fPrime,fDoublePrime
0,0,0,0.332057337164
0.01,1.66028668582e-05,0.00332057334867,0.332057327975
0.02,6.64114660545e-05,0.00664114637574,0.332057263656
0.03,0.000149425790698,0.00996171825425,0.332057089074
0.04,0.00026564582287,0.0132822876059,0.3320567491
0.05,0.000415071528114,0.0166028525012,0.332056188603
0.06,0.000597702849922,0.0199234104591,0.332055352453
0.07,0.000813539704219,0.0232439584476,0.332054185523
0.08,0.00106258197385,0.0265644928832,0.332052632685
0.09,0.00134482950308,0.0298850096312,0.332050638817
0.1,0.00166028209205,0.0332055040057,0.332048148798
0.11,0.00200893949131,0.0365259707696,0.33204510751
0.12,0.00239080139627,0.0398464041347,0.332041459843
0.13,0.0028058674417,0.0431667977615,0.332037150691
0.14,0.00325413719622,0.0464871447599,0.332032124956
0.15,0.00373561015681,0.0498074376884,0.332026327548
0.16,0.00425028574327,0.053127668555,0.332019703388
0.17,0.00479816329272,0.0564478288168,0.332012197408
0.18,0.0053792420541,0.0597679093802,0.332003754551
0.19,0.00599352118267,0.0630879006014,0.331994319778
0.2,0.00664099973449,0.066407792286,0.331983838063
0.21,0.00732167666094,0.0697275736895,0.3319722544
0.22,0.00803555080318,0.0730472335175,0.331959513803
0.23,0.00878262088671,0.0763667599259,0.331945561307
0.24,0.00956288551581,0.0796861405209,0.331930341974
0.25,0.0103763431681,0.0830053623595,0.331913800889
0.26,0.011222992189,0.0863244119499,0.331895883169
0.27,0.0121028307863,0.0896432752513,0.331876533961
0.28,0.0130158570246,0.0929619376747,0.331855698447
0.29,0.0139620688199,0.0962803840832,0.331833321844
0.3,0.0149414639341,0.0995985987921,0.331809349409
0.31,0.0159540399694,0.10291656557,0.331783726443
0.32,0.0169997943632,0.106234267637,0.33175639829
0.33,0.0180787243822,0.109551687669,0.331727310344
0.34,0.0191908271171,0.112868807796,0.331696408048
0.35,0.0203360994772,0.116185609601,0.331663636902
0.36,0.021514538185,0.119502074123,0.331628942463
0.37,0.0227261397705,0.122818181858,0.33159227035
0.38,0.0239709005662,0.126133912757,0.331553566246
0.39,0.0252488167011,0.129449246229,0.331512775904
0.4,0.0265598840957,0.13276416114,0.331469845147
0.41,0.0279040984566,0.136078635817,0.331424719877
0.42,0.0292814552707,0.139392648043,0.331377346074
0.43,0.0306919498002,0.142706175063,0.331327669803
0.44,0.0321355770771,0.146019193584,0.331275637218
0.45,0.0336123318976,0.149331679774,0.331221194563
0.46,0.0351222088171,0.152643609263,0.331164288181
0.47,0.0366652021443,0.155954957147,0.331104864516
0.48,0.0382413059367,0.159265697984,0.331042870115
0.49,0.0398505139941,0.162575805802,0.330978251637
0.5,0.0414928198544,0.165885254093,0.330910955858
0.51,0.0431682167876,0.169194015818,0.330840929669
0.52,0.0448766977905,0.172502063408,0.330768120088
0.53,0.0466182555818,0.175809368765,0.330692474264
0.54,0.0483928825964,0.179115903263,0.330613939476
0.55,0.0502005709805,0.18242163775,0.330532463145
0.56,0.0520413125859,0.185726542546,0.330447992838
0.57,0.0539150989652,0.189030587452,0.33036047627
0.58,0.0558219213664,0.192333741744,0.330269861311
0.59,0.0577617707274,0.195635974177,0.330176095992
0.6,0.0597346376713,0.19893725299,0.330079128512
0.61,0.061740512501,0.202237545901,0.32997890724
0.62,0.0637793851939,0.205536820117,0.329875380723
0.63,0.0658512453968,0.208835042327,0.329768497691
0.64,0.0679560824211,0.212132178712,0.329658207065
0.65,0.0700938852373,0.21542819494,0.32954445796
0.66,0.0722646424701,0.218723056174,0.329427199691
0.67,0.0744683423932,0.222016727069,0.329306381781
0.68,0.0767049729243,0.225309171777,0.329181953969
0.69,0.0789745216204,0.228600353948,0.329053866209
0.7,0.0812769756722,0.231890236735,0.328922068684
0.71,0.0836123218995,0.235178782791,0.32878651181
0.72,0.0859805467462,0.238465954275,0.328647146239
0.73,0.0883816362754,0.241751712856,0.328503922871
0.74,0.0908155761644,0.245036019711,0.328356792857
0.75,0.0932823516997,0.248318835529,0.328205707605
0.76,0.0957819477724,0.251600120517,0.328050618791
0.77,0.0983143488731,0.2548798344,0.327891478361
0.78,0.100879539088,0.25815793642,0.327728238541
0.79,0.103477502091,0.261434385347,0.327560851843
0.8,0.106108221145,0.264709139477,0.327389271072
0.81,0.108771679091,0.267982156632,0.32721344933
0.82,0.111467858346,0.271253394171,0.327033340031
0.83,0.114196740899,0.274522808987,0.326848896898
0.84,0.116958308305,0.27779035751,0.326660073979
0.85,0.119752541682,0.281055995715,0.326466825649
0.86,0.122579421703,0.28431967912,0.326269106618
0.87,0.125438928598,0.287581362795,0.326066871941
0.88,0.128331042142,0.290841001358,0.325860077022
0.89,0.131255741656,0.294098548987,0.325648677623
0.9,0.134213005998,0.297353959416,0.325432629872
0.91,0.137202813565,0.300607185945,0.325211890271
0.92,0.140225142281,0.303858181438,0.3249864157
0.93,0.143279969598,0.307106898333,0.324756163429
0.94,0.146367272492,0.31035328864,0.324521091123
0.95,0.149487027454,0.313597303949,0.32428115685
0.96,0.152639210492,0.316838895432,0.32403631909
0.97,0.15582379712,0.320078013849,0.323786536741
0.98,0.15904076236,0.323314609549,0.323531769127
0.99,0.162290080735,0.32654863248,0.323271976008
1,0.165571726265,0.329780032185,0.323007117585
1.01,0.168885672465,0.333008757816,0.322737154507
1.02,0.172231892337,0.33623475813,0.322462047884
1.03,0.175610358371,0.3394579815,0.32218175929
1.04,0.179021042538,0.342678375916,0.321896250771
1.05,0.182463916285,0.345895888991,0.321605484856
1.06,0.185938950537,0.349110467965,0.321309424563
1.07,0.189446115687,0.352322059712,0.321008033406
1.08,0.192985381596,0.355530610744,0.320701275404
1.09,0.196556717587,0.358736067213,0.320389115089
1.1,0.200160092445,0.361938374921,0.320071517514
1.11,0.203795474408,0.365137479324,0.31974844826
1.12,0.20746283117,0.368333325534,0.319419873443
1.13,0.211162129874,0.37152585833,0.319085759726
1.14,0.214893337107,0.374715022156,0.318746074321
1.15,0.218656418901,0.377900761136,0.318400785001
1.16,0.222451340727,0.381083019071,0.318049860109
1.17,0.226278067491,0.384261739449,0.317693268559
1.18,0.230136563535,0.387436865452,0.317330979851
1.19,0.234026792628,0.390608339956,0.316962964076
1.2,0.237948717971,0.393776105545,0.316589191923
1.21,0.241902302184,0.396940104511,0.316209634686
1.22,0.245887507312,0.400100278862,0.315824264276
1.23,0.249904294818,0.403256570328,0.315433053224
1.24,0.253952625581,0.406408920368,0.315035974688
1.25,0.258032459892,0.409557270176,0.314633002467
1.26,0.262143757453,0.412701560686,0.314224111001
1.27,0.266286477377,0.415841732582,0.313809275382
1.28,0.270460578178,0.418977726299,0.313388471363
1.29,0.274666017776,0.422109482036,0.312961675362
1.3,0.278902753492,0.425236939756,0.312528864469
1.31,0.283170742044,0.428360039201,0.312090016459
1.32,0.287469939547,0.43147871989,0.31164510979
1.33,0.29180030151,0.434592921132,0.311194123618
1.34,0.296161782835,0.43770258203,0.310737037802
1.35,0.300554337813,0.440807641491,0.310273832908
1.36,0.304977920123,0.443908038229,0.309804490219
1.37,0.30943248283,0.447003710776,0.309328991741
1.38,0.313917978386,0.450094597487,0.308847320207
1.39,0.318434358621,0.453180636548,0.30835945909
1.4,0.322981574751,0.456261765984,0.307865392604
1.41,0.327559577369,0.459337923665,0.30736510571
1.42,0.332168316444,0.462409047316,0.306858584129
1.43,0.336807741327,0.46547507452,0.306345814339
1.44,0.341477800738,0.468535942732,0.305826783589
1.45,0.346178442776,0.471591589282,0.305301479901
1.46,0.350909614909,0.474641951383,0.304769892078
1.47,0.355671263979,0.477686966142,0.304232009707
1.48,0.360463336198,0.480726570563,0.303687823169
1.49,0.365285777146,0.483760701562,0.303137323641
1.5,0.370138531774,0.486789295966,0.302580503102
1.51,0.375021544399,0.489812290529,0.302017354341
1.52,0.379934758707,0.492829621937,0.301447870959
1.53,0.384878117749,0.495841226814,0.300872047377
1.54,0.389851563944,0.498847041735,0.300289878838
1.55,0.394855039073,0.501847003228,0.299701361417
1.56,0.399888484285,0.50484104779,0.299106492019
1.57,0.404951840094,0.507829111888,0.298505268388
1.58,0.410045046376,0.510811131972,0.297897689112
1.59,0.415168042375,0.513787044482,0.297283753624
1.6,0.420320766696,0.516756785858,0.296663462209
1.61,0.42550315731,0.519720292544,0.296036816008
1.62,0.430715151552,0.522677501002,0.29540381702
1.63,0.435956686124,0.525628347718,0.294764468108
1.64,0.441227697089,0.52857276921,0.294118773001
1.65,0.446528119879,0.531510702039,0.293466736298
1.66,0.45185788929,0.534442082815,0.292808363471
1.67,0.457216939484,0.537366848209,0.29214366087
1.68,0.462605203992,0.540284934957,0.291472635722
1.69,0.468022615711,0.543196279875,0.290795296139
1.7,0.473469106907,0.546100819862,0.290111651117
1.71,0.478944609215,0.548998491912,0.289421710538
1.72,0.484449053642,0.551889233123,0.288725485176
1.73,0.489982370565,0.554772980705,0.288022986695
1.74,0.495544489735,0.557649671988,0.287314227653
1.75,0.501135340276,0.560519244434,0.286599221506
1.76,0.506754850686,0.563381635642,0.285877982603
1.77,0.512402948844,0.566236783361,0.285150526195
1.78,0.518079562002,0.569084625495,0.284416868431
1.79,0.523784616795,0.571925100115,0.283677026363
1.8,0.52951803924,0.574758145468,0.28293101794
1.81,0.535279754735,0.577583699982,0.282178862019
1.82,0.541069688066,0.580401702282,0.281420578356
1.83,0.546887763403,0.583212091192,0.280656187611
1.84,0.552733904308,0.586014805749,0.279885711347
1.85,0.558608033734,0.588809785209,0.27910917203
1.86,0.564510074027,0.591596969057,0.278326593029
1.87,0.570439946929,0.594376297018,0.277537998614
1.88,0.576397573581,0.597147709062,0.276743413958
1.89,0.582382874525,0.599911145416,0.275942865132
1.9,0.588395769705,0.602666546574,0.275136379108
1.91,0.594436178475,0.6054138533,0.274323983756
1.92,0.600504019593,0.608153006647,0.27350570784
1.93,0.606599211234,0.610883947954,0.272681581022
1.94,0.612721670985,0.613606618866,0.271851633853
1.95,0.61887131585,0.616320961335,0.271015897778
1.96,0.625048062257,0.619026917633,0.270174405125
1.97,0.631251826058,0.621724430359,0.269327189113
1.98,0.637482522529,0.62441344245,0.268474283839
1.99,0.643740066382,0.627093897188,0.267615724282
2,0.650024371761,0.629765738208,0.266751546295
2.01,0.656335352247,0.632428909508,0.265881786606
2.02,0.662672920866,0.635083355459,0.265006482811
2.03,0.669036990088,0.637729020812,0.26412567337
2.04,0.675427471831,0.640365850706,0.263239397606
2.05,0.681844277469,0.642993790677,0.262347695697
2.06,0.688287317831,0.645612786669,0.261450608674
2.07,0.69475650321,0.648222785039,0.260548178415
2.08,0.701251743363,0.650823732569,0.259640447641
2.09,0.707772947516,0.653415576469,0.258727459908
2.1,0.714320024372,0.655998264392,0.257809259606
2.11,0.720892882111,0.658571744436,0.256885891951
2.12,0.727491428396,0.661135965159,0.255957402977
2.13,0.73411557038,0.663690875581,0.255023839536
2.14,0.740765214705,0.666236425194,0.254085249283
2.15,0.747440267514,0.668772563972,0.253141680679
2.16,0.75414063445,0.671299242377,0.252193182978
2.17,0.760866220664,0.673816411368,0.25123980622
2.18,0.767616930818,0.676324022407,0.25028160123
2.19,0.774392669092,0.67882202747,0.249318619601
2.2,0.781193339189,0.681310379051,0.248350913698
2.21,0.788018844338,0.683789030173,0.247378536638
2.22,0.794869087303,0.686257934393,0.246401542293
2.23,0.801743970383,0.68871704581,0.245419985275
2.24,0.808643395425,0.691166319074,0.244433920929
2.25,0.815567263822,0.693605709391,0.243443405327
2.26,0.822515476522,0.696035172532,0.242448495257
2.27,0.829487934036,0.69845466484,0.241449248213
2.28,0.836484536439,0.700864143234,0.24044572239
2.29,0.843505183379,0.703263565221,0.239437976668
2.3,0.850549774083,0.705652888899,0.238426070612
2.31,0.857618207359,0.708032072966,0.237410064451
2.32,0.864710381607,0.710401076724,0.236390019079
2.33,0.871826194825,0.712759860089,0.235365996037
2.34,0.87896554461,0.715108383593,0.234338057505
2.35,0.886128328168,0.717446608396,0.233306266294
2.36,0.893314442321,0.719774496288,0.232270685833
2.37,0.900523783512,0.722092009695,0.231231380158
2.38,0.90775624781,0.724399111689,0.230188413902
2.39,0.91501173092,0.726695765989,0.229141852285
2.4,0.922290128186,0.728981936969,0.228091761099
2.41,0.929591334599,0.731257589667,0.2270382067
2.42,0.936915244804,0.733522689782,0.225981255996
2.43,0.944261753107,0.73577720369,0.224920976434
2.44,0.95163075348,0.738021098441,0.223857435986
2.45,0.959022139571,0.740254341768,0.222790703143
2.46,0.966435804706,0.742476902093,0.221720846898
2.47,0.9738716419,0.744688748527,0.220647936734
2.48,0.981329543863,0.746889850881,0.219572042613
2.49,0.988809403005,0.749080179667,0.218493234962
2.5,0.996311111448,0.751259706104,0.217411584662
2.51,1.00383456103,0.753428402122,0.216327163032
2.52,1.0113796433,0.755586240366,0.21524004182
2.53,1.01894624955,0.757733194201,0.214150293186
2.54,1.02653427081,0.759869237714,0.213057989692
2.55,1.03414359785,0.761994345721,0.211963204284
2.56,1.0417741212,0.764108493771,0.210866010286
2.57,1.04942573112,0.766211658144,0.209766481378
2.58,1.05709831767,0.768303815862,0.208664691587
2.59,1.06479177067,0.770384944687,0.207560715274
2.6,1.07250597973,0.772455023128,0.206454627116
2.61,1.08024083423,0.77451403044,0.205346502096
2.62,1.08799622337,0.776561946631,0.204236415487
2.63,1.09577203613,0.778598752463,0.203124442837
2.64,1.10356816132,0.780624429453,0.202010659956
2.65,1.11138448756,0.782638959881,0.200895142903
2.66,1.11922090331,0.784642326785,0.19977796797
2.67,1.12707729683,0.786634513969,0.198659211664
2.68,1.13495355627,0.788615506003,0.197538950701
2.69,1.14284956959,0.790585288224,0.196417261983
2.7,1.15076522462,0.79254384674,0.195294222588
2.71,1.15870040907,0.794491168431,0.194169909755
2.72,1.16665501049,0.796427240948,0.193044400867
2.73,1.17462891635,0.79835205272,0.191917773438
2.74,1.18262201397,0.800265592947,0.190790105099
2.75,1.1906341906,0.802167851611,0.18966147358
2.76,1.19866533337,0.804058819468,0.1885319567
2.77,1.20671532933,0.805938488053,0.187401632346
2.78,1.21478406544,0.807806849683,0.186270578465
2.79,1.22287142861,0.809663897451,0.185138873042
2.8,1.23097730566,0.811509625232,0.184006594091
2.81,1.23910158336,0.813344027681,0.182873819636
2.82,1.24724414844,0.815167100233,0.181740627701
2.83,1.25540488759,0.816978839103,0.180607096289
2.84,1.26358368744,0.818779241287,0.179473303371
2.85,1.27178043462,0.820568304558,0.178339326869
2.86,1.27999501573,0.822346027472,0.177205244646
2.87,1.28822731736,0.824112409358,0.176071134484
2.88,1.29647722611,0.825867450327,0.174937074074
2.89,1.30474462857,0.827611151264,0.173803141
2.9,1.31302941134,0.82934351383,0.172669412726
2.91,1.32133146106,0.831064540459,0.171535966578
2.92,1.32965066438,0.832774234359,0.170402879732
2.93,1.33798690798,0.834472599508,0.169270229197
2.94,1.34634007862,0.836159640653,0.168138091805
2.95,1.35471006307,0.83783536331,0.167006544191
2.96,1.36309674818,0.839499773758,0.165875662784
2.97,1.37150002086,0.84115287904,0.164745523789
2.98,1.3799197681,0.842794686961,0.163616203173
2.99,1.38835587697,0.844425206084,0.162487776653
3,1.39680823462,0.846044445726,0.161360319682
3.01,1.40527672832,0.84765241596,0.16023390743
3.02,1.41376124541,0.849249127607,0.159108614779
3.03,1.42226167338,0.850834592236,0.157984516302
3.04,1.43077789981,0.852408822161,0.156861686251
3.05,1.43930981242,0.853971830436,0.155740198545
3.06,1.44785729906,0.855523630852,0.154620126756
3.07,1.45642024772,0.857064237934,0.153501544096
3.08,1.46499854656,0.85859366694,0.152384523403
3.09,1.47359208386,0.860111933851,0.151269137128
3.1,1.48220074808,0.861619055371,0.150155457322
3.11,1.49082442787,0.863115048924,0.149043555626
3.12,1.49946301203,0.864599932648,0.147933503253
3.13,1.50811638955,0.866073725389,0.14682537098
3.14,1.51678444963,0.867536446702,0.145719229135
3.15,1.52546708165,0.86898811684,0.144615147583
3.16,1.5341641752,0.870428756753,0.143513195714
3.17,1.54287562009,0.871858388083,0.142413442434
3.18,1.55160130634,0.873277033158,0.14131595615
3.19,1.56034112421,0.874684714989,0.140220804759
3.2,1.56909496418,0.876081457261,0.139128055639
3.21,1.57786271697,0.877467284332,0.138037775636
3.22,1.58664427356,0.878842221225,0.136950031052
3.23,1.59543952518,0.880206293623,0.135864887634
3.24,1.60424836331,0.881559527865,0.134782410566
3.25,1.6130706797,0.882901950938,0.133702664457
3.26,1.62190636638,0.884233590471,0.13262571333
3.27,1.63075531566,0.885554474732,0.131551620612
3.28,1.63961742012,0.886864632621,0.130480449123
3.29,1.64849257266,0.88816409366,0.12941226107
3.3,1.65738066644,0.889452887992,0.128347118033
3.31,1.66628159496,0.890731046373,0.127285080958
3.32,1.67519525202,0.891998600165,0.126226210148
3.33,1.68412153172,0.893255581329,0.125170565253
3.34,1.69306032851,0.89450202242,0.124118205259
3.35,1.70201153715,0.895737956579,0.123069188486
3.36,1.71097505273,0.896963417526,0.122023572572
3.37,1.7199507707,0.898178439556,0.12098141447
3.38,1.72893858684,0.899383057529,0.119942770437
3.39,1.73793839729,0.900577306864,0.11890769603
3.4,1.74695009854,0.901761223531,0.117876246094
3.41,1.75597358744,0.902934844047,0.116848474755
3.42,1.76500876122,0.904098205466,0.115824435419
3.43,1.77405551748,0.905251345371,0.114804180758
3.44,1.78311375419,0.90639430187,0.113787762704
3.45,1.7921833697,0.907527113585,0.112775232449
3.46,1.80126426277,0.908649819647,0.111766640431
3.47,1.81035633254,0.909762459686,0.110762036331
3.48,1.81945947855,0.910865073829,0.109761469071
3.49,1.82857360073,0.911957702685,0.108764986801
3.5,1.83769859945,0.91304038734,0.107772636899
3.51,1.84683437547,0.914113169352,0.106784465965
3.52,1.85598082997,0.915176090742,0.105800519815
3.53,1.86513786456,0.916229193981,0.104820843477
3.54,1.87430538127,0.917272521991,0.103845481186
3.55,1.88348328256,0.91830611813,0.102874476381
3.56,1.89267147134,0.919330026186,0.1019078717
3.57,1.90186985094,0.920344290371,0.100945708976
3.58,1.91107832515,0.921348955309,0.0999880292355
3.59,1.92029679819,0.922344066033,0.0990348726913
3.6,1.92952517477,0.923329667971,0.0980862787435
3.61,1.93876336001,0.924305806945,0.0971422859744
3.62,1.94801125952,0.925272529154,0.0962029321467
3.63,1.95726877936,0.926229881174,0.0952682542005
3.64,1.96653582607,0.927177909945,0.0943382882518
3.65,1.97581230664,0.928116662763,0.0934130695898
3.66,1.98509812856,0.929046187276,0.0924926326759
3.67,1.99439319978,0.929966531468,0.0915770111418
3.68,2.00369742875,0.930877743659,0.0906662377883
3.69,2.01301072438,0.931779872491,0.0897603445842
3.7,2.02233299608,0.932672966922,0.0888593626655
3.71,2.03166415377,0.933557076216,0.087963322335
3.72,2.04100410782,0.934432249938,0.0870722530613
3.73,2.05035276915,0.935298537943,0.0861861834793
3.74,2.05971004913,0.936155990366,0.0853051413898
3.75,2.06907585967,0.937004657619,0.08442915376
3.76,2.07845011317,0.937844590377,0.0835582467235
3.77,2.08783272253,0.938675839573,0.0826924455816
3.78,2.09722360119,0.93949845639,0.0818317748037
3.79,2.10662266306,0.940312492249,0.0809762580286
3.8,2.1160298226,0.941117998806,0.0801259180656
3.81,2.12544499478,0.94191502794,0.0792807768962
3.82,2.13486809507,0.942703631744,0.0784408556757
3.83,2.1442990395,0.943483862521,0.0776061747349
3.84,2.15373774459,0.944255772771,0.0767767535825
3.85,2.1631841274,0.945019415187,0.0759526109072
3.86,2.17263810551,0.945774842644,0.0751337645803
3.87,2.18209959704,0.94652210819,0.074320231658
3.88,2.19156852065,0.947261265042,0.0735120283847
3.89,2.20104479549,0.947992366575,0.0727091701958
3.9,2.2105283413,0.948715466312,0.071911671721
3.91,2.22001907833,0.949430617921,0.0711195467877
3.92,2.22951692735,0.950137875203,0.0703328084242
3.93,2.2390218097,0.950837292085,0.0695514688643
3.94,2.24853364724,0.951528922614,0.0687755395503
3.95,2.25805236237,0.952212820946,0.0680050311377
3.96,2.26757787806,0.95288904134,0.0672399534993
3.97,2.27711011779,0.953557638149,0.0664803157294
3.98,2.28664900559,0.954218665815,0.0657261261488
3.99,2.29619446606,0.954872178858,0.0649773923092
4,2.3057464243,0.955518231869,0.0642341209984
4.01,2.31530480601,0.956156879506,0.0634963182449
4.02,2.32486953739,0.95678817648,0.0627639893238
4.03,2.33444054522,0.957412177554,0.0620371387615
4.04,2.34401775681,0.958028937529,0.0613157703416
4.05,2.35360110002,0.958638511244,0.0605998871104
4.06,2.36319050326,0.959240953563,0.0598894913825
4.07,2.3727858955,0.959836319369,0.0591845847472
4.08,2.38238720624,0.960424663558,0.0584851680741
4.09,2.39199436555,0.961006041031,0.0577912415195
4.1,2.40160730402,0.961580506687,0.0571028045326
4.11,2.41122595283,0.962148115416,0.056419855862
4.12,2.42085024366,0.962708922092,0.0557423935623
4.13,2.43048010878,0.963262981566,0.0550704150004
4.14,2.44011548098,0.96381034866,0.0544039168628
4.15,2.44975629363,0.964351078158,0.0537428951623
4.16,2.4594024806,0.964885224802,0.0530873452447
4.17,2.46905397636,0.965412843284,0.0524372617962
4.18,2.47871071589,0.96593398824,0.0517926388507
4.19,2.48837263473,0.966448714241,0.0511534697967
4.2,2.49803966896,0.966957075791,0.0505197473849
4.21,2.50771175521,0.967459127318,0.0498914637358
4.22,2.51738883065,0.967954923166,0.049268610347
4.23,2.527070833,0.968444517595,0.0486511781012
4.24,2.53675770052,0.968927964766,0.0480391572735
4.25,2.54644937199,0.969405318744,0.0474325375395
4.26,2.55614578676,0.969876633484,0.046831307983
4.27,2.56584688471,0.970341962832,0.0462354571041
4.28,2.57555260624,0.970801360515,0.0456449728271
4.29,2.58526289232,0.971254880135,0.0450598425088
4.3,2.59497768443,0.971702575168,0.0444800529463
4.31,2.60469692459,0.972144498951,0.0439055903853
4.32,2.61442055535,0.972580704684,0.0433364405286
4.33,2.6241485198,0.973011245421,0.0427725885442
4.34,2.63388076155,0.973436174063,0.0422140190734
4.35,2.64361722475,0.973855543358,0.0416607162397
4.36,2.65335785406,0.974269405889,0.041112663657
4.37,2.66310259469,0.974677814075,0.0405698444381
4.38,2.67285139234,0.975080820164,0.0400322412029
4.39,2.68260419326,0.975478476226,0.0394998360875
4.4,2.6923609442,0.975870834152,0.0389726107524
4.41,2.70212159245,0.976257945645,0.0384505463912
4.42,2.7118860858,0.976639862218,0.0379336237392
4.43,2.72165437255,0.977016635193,0.0374218230819
4.44,2.73142640153,0.977388315686,0.0369151242642
4.45,2.74120212206,0.977754954615,0.0364135066982
4.46,2.75098148399,0.978116602687,0.0359169493726
4.47,2.76076443765,0.978473310399,0.0354254308612
4.48,2.77055093389,0.978825128028,0.0349389293315
4.49,2.78034092407,0.979172105634,0.0344574225532
4.5,2.79013436004,0.979514293053,0.0339808879076
4.51,2.79993119413,0.979851739889,0.0335093023953
4.52,2.8097313792,0.98018449552,0.0330426426459
4.53,2.81953486857,0.980512609082,0.032580884926
4.54,2.82934161607,0.980836129478,0.0321240051479
4.55,2.83915157601,0.981155105363,0.0316719788788
4.56,2.84896470319,0.981469585151,0.0312247813489
4.57,2.85878095289,0.981779617002,0.03078238746
4.58,2.86860028086,0.982085248827,0.0303447717947
4.59,2.87842264336,0.98238652828,0.0299119086242
4.6,2.88824799708,0.982683502755,0.0294837719175
4.61,2.89807629922,0.982976219385,0.0290603353495
4.62,2.90790750743,0.98326472504,0.0286415723097
4.63,2.91774157984,0.98354906632,0.0282274559105
4.64,2.92757847503,0.983829289556,0.027817958996
4.65,2.93741815206,0.984105440807,0.0274130541498
4.66,2.94726057043,0.984377565854,0.0270127137039
4.67,2.95710569011,0.984645710202,0.0266169097465
4.68,2.96695347151,0.984909919076,0.0262256141308
4.69,2.97680387552,0.985170237418,0.0258387984829
4.7,2.98665686344,0.985426709884,0.0254564342099
4.71,2.99651239704,0.985679380844,0.0250784925082
4.72,3.00637043853,0.985928294379,0.0247049443715
4.73,3.01623095055,0.986173494279,0.0243357605988
4.74,3.02609389619,0.986415024041,0.0239709118023
4.75,3.03595923895,0.986652926866,0.0236103684157
4.76,3.04582694278,0.986887245661,0.0232541007012
4.77,3.05569697205,0.987118023033,0.0229020787582
4.78,3.06556929157,0.987345301289,0.0225542725305
4.79,3.07544386656,0.987569122435,0.022210651814
4.8,3.08532066264,0.987789528175,0.0218711862645
4.81,3.09519964587,0.988006559909,0.021535845405
4.82,3.10508078273,0.98822025873,0.0212045986332
4.83,3.11496404007,0.988430665426,0.0208774152291
4.84,3.1248493852,0.988637820476,0.0205542643621
4.85,3.13473678578,0.988841764052,0.0202351150981
4.86,3.14462620991,0.989042536013,0.0199199364071
4.87,3.15451762606,0.989240175911,0.01960869717
4.88,3.16441100311,0.989434722984,0.0193013661856
4.89,3.17430631034,0.989626216158,0.0189979121778
4.9,3.18420351739,0.989814694046,0.018698303802
4.91,3.1941025943,0.990000194948,0.0184025096526
4.92,3.20400351149,0.990182756848,0.0181104982688
4.93,3.21390623976,0.990362417417,0.0178222381422
4.94,3.22381075029,0.99053921401,0.0175376977224
4.95,3.23371701462,0.990713183665,0.0172568454243
4.96,3.24362500466,0.990884363107,0.0169796496339
4.97,3.2535346927,0.991052788741,0.0167060787149
4.98,3.26344605138,0.991218496658,0.0164361010145
4.99,3.2733590537,0.991381522633,0.0161696848703
5,3.28327367301,0.991541902122,0.0159067986156
5.01,3.29318988303,0.991699670266,0.0156474105855
5.02,3.30310765783,0.991854861889,0.0153914891231
5.03,3.3130269718,0.992007511498,0.0151390025849
5.04,3.3229477997,0.992157653284,0.0148899193469
5.05,3.33287011662,0.992305321124,0.0146442078095
5.06,3.34279389799,0.992450548574,0.0144018364039
5.07,3.35271911957,0.99259336888,0.0141627735967
5.08,3.36264575745,0.99273381497,0.013926987896
5.09,3.37257378806,0.992871919457,0.0136944478558
5.1,3.38250318814,0.993007714641,0.0134651220818
5.11,3.39243393476,0.993141232508,0.0132389792364
5.12,3.40236600531,0.993272504731,0.0130159880432
5.13,3.41229937748,0.99340156267,0.0127961172925
5.14,3.42223402928,0.993528437374,0.0125793358456
5.15,3.43216993905,0.993653159581,0.0123656126397
5.16,3.4421070854,0.993775759718,0.0121549166926
5.17,3.45204544727,0.993896267903,0.0119472171068
5.18,3.46198500389,0.994014713945,0.0117424830747
5.19,3.47192573477,0.994131127347,0.011540683882
5.2,3.48186761975,0.994245537303,0.0113417889127
5.21,3.49181063894,0.994357972704,0.0111457676528
5.22,3.50175477272,0.994468462134,0.0109525896945
5.23,3.51170000179,0.994577033874,0.0107622247403
5.24,3.5216463071,0.994683715905,0.0105746426067
5.25,3.5315936699,0.994788535902,0.0103898132279
5.26,3.5415420717,0.994891521245,0.0102077066599
5.27,3.5514914943,0.994992699012,0.0100282930839
5.28,3.56144191975,0.995092095984,0.00985154280939
5.29,3.57139333037,0.995189738647,0.00967742627845
5.3,3.58134570876,0.995285653191,0.00950591406839
5.31,3.59129903776,0.995379865512,0.00933697689532
5.32,3.60125330048,0.995472401215,0.00917058561726
5.33,3.61120848028,0.995563285614,0.00900671123721
5.34,3.62116456077,0.995652543733,0.00884532490619
5.35,3.63112152582,0.995740200309,0.00868639792613
5.36,3.64107935952,0.995826279794,0.00852990175269
5.37,3.65103804624,0.995910806352,0.00837580799805
5.38,3.66099757055,0.995993803868,0.00822408843352
5.39,3.6709579173,0.996075295941,0.00807471499214
5.4,3.68091907153,0.996155305895,0.00792765977121
5.41,3.69088101855,0.996233856771,0.00778289503463
5.42,3.70084374388,0.996310971338,0.00764039321532
5.43,3.71080723327,0.996386672087,0.0075001269174
5.44,3.72077147268,0.996460981237,0.0073620689184
5.45,3.73073644832,0.996533920736,0.00722619217136
5.46,3.7407021466,0.996605512262,0.00709246980681
5.47,3.75066855415,0.996675777225,0.00696087513475
5.48,3.7606356578,0.996744736769,0.00683138164648
5.49,3.7706034446,0.996812411774,0.00670396301639
5.5,3.78057190182,0.996878822858,0.00657859310369
5.51,3.79054101691,0.996943990378,0.00645524595403
5.52,3.80051077755,0.997007934433,0.00633389580103
5.53,3.81048117159,0.997070674865,0.00621451706784
5.54,3.8204521871,0.997132231261,0.00609708436849
5.55,3.83042381233,0.997192622955,0.00598157250926
5.56,3.84039603574,0.997251869031,0.00586795648998
5.57,3.85036884596,0.997309988322,0.00575621150519
5.58,3.86034223181,0.997366999416,0.00564631294529
5.59,3.87031618231,0.997422920654,0.00553823639765
5.6,3.88029068665,0.997477770136,0.00543195764755
5.61,3.8902657342,0.997531565719,0.00532745267916
5.62,3.90024131451,0.997584325023,0.0052246976764
5.63,3.91021741731,0.997636065427,0.00512366902374
5.64,3.92019403248,0.99768680408,0.00502434330696
5.65,3.93017115011,0.997736557892,0.00492669731381
5.66,3.94014876041,0.997785343548,0.00483070803467
5.67,3.95012685381,0.997833177499,0.00473635266306
5.68,3.96010542085,0.997880075972,0.0046436085962
5.69,3.97008445226,0.997926054967,0.00455245343539
5.7,3.98006393893,0.997971130263,0.00446286498646
5.71,3.99004387191,0.998015317416,0.00437482126004
5.72,4.00002424237,0.998058631765,0.00428830047189
5.73,4.01000504168,0.99810108843,0.00420328104308
5.74,4.01998626133,0.998142702319,0.00411974160016
5.75,4.02996789297,0.998183488125,0.00403766097531
5.76,4.03994992838,0.998223460331,0.00395701820635
5.77,4.04993235951,0.998262633212,0.00387779253679
5.78,4.05991517843,0.998301020837,0.00379996341577
5.79,4.06989837736,0.998338637068,0.00372351049799
5.8,4.07988194864,0.998375495567,0.00364841364357
5.81,4.08986588479,0.998411609794,0.00357465291786
5.82,4.0998501784,0.998446993013,0.0035022085912
5.83,4.10983482225,0.998481658289,0.00343106113869
5.84,4.11981980922,0.998515618494,0.00336119123983
5.85,4.12980513232,0.998548886308,0.0032925797782
5.86,4.13979078468,0.998581474221,0.00322520784102
5.87,4.14977675957,0.998613394535,0.00315905671872
5.88,4.15976305039,0.998644659363,0.00309410790448
5.89,4.16974965062,0.998675280639,0.00303034309368
5.9,4.17973655389,0.998705270111,0.00296774418335
5.91,4.18972375395,0.998734639349,0.00290629327157
5.92,4.19971124465,0.998763399744,0.00284597265683
5.93,4.20969901995,0.998791562512,0.00278676483738
5.94,4.21968707394,0.998819138693,0.0027286525105
5.95,4.22967540081,0.998846139156,0.0026716185718
5.96,4.23966399484,0.998872574602,0.00261564611438
5.97,4.24965285045,0.998898455561,0.0025607184281
5.98,4.25964196214,0.998923792398,0.00250681899871
5.99,4.26963132452,0.998948595314,0.00245393150698
6,4.2796209323,0.998972874348,0.00240203982782
6.01,4.28961078029,0.998996639377,0.00235112802937
6.02,4.29960086341,0.999019900122,0.00230118037201
6.03,4.30959117665,0.999042666146,0.00225218130741
6.04,4.31958171511,0.999064946859,0.00220411547754
6.05,4.329572474,0.999086751516,0.00215696771362
6.06,4.33956344859,0.999108089223,0.00211072303505
6.07,4.34955463426,0.999128968938,0.00206536664839
6.08,4.35954602647,0.999149399468,0.0020208839462
6.09,4.36953762078,0.999169389481,0.00197726050598
6.1,4.37952941282,0.999188947495,0.00193448208896
6.11,4.38952139832,0.999208081892,0.001892534639
6.12,4.39951357307,0.999226800912,0.00185140428138
6.13,4.40950593298,0.999245112656,0.0018110773216
6.14,4.41949847399,0.999263025091,0.00177154024414
6.15,4.42949119217,0.999280546049,0.00173277971129
6.16,4.43948408364,0.99929768323,0.00169478256183
6.17,4.44947714458,0.999314444201,0.00165753580979
6.18,4.45947037129,0.999330836404,0.00162102664316
6.19,4.46946376011,0.999346867151,0.00158524242261
6.2,4.47945730745,0.999362543628,0.00155017068015
6.21,4.48945100982,0.999377872898,0.00151579911783
6.22,4.49944486378,0.999392861903,0.00148211560639
6.23,4.50943886595,0.999407517464,0.0014491081839
6.24,4.51943301304,0.999421846281,0.00141676505443
6.25,4.52942730181,0.99943585494,0.00138507458664
6.26,4.53942172909,0.99944954991,0.00135402531246
6.27,4.54941629178,0.999462937546,0.00132360592561
6.28,4.55941098684,0.999476024091,0.00129380528031
6.29,4.56940581128,0.999488815678,0.00126461238976
6.3,4.57940076219,0.999501318329,0.00123601642482
6.31,4.5893958367,0.99951353796,0.00120800671255
6.32,4.59939103202,0.999525480382,0.00118057273478
6.33,4.60938634541,0.999537151299,0.00115370412666
6.34,4.61938177416,0.999548556315,0.00112739067529
6.35,4.62937731566,0.99955970093,0.00110162231819
6.36,4.63937296733,0.999570590545,0.00107638914192
6.37,4.64936872664,0.999581230464,0.00105168138059
6.38,4.65936459113,0.999591625892,0.00102748941444
6.39,4.66936055836,0.99960178194,0.00100380376835
6.4,4.67935662598,0.999611703624,0.000980615110399
6.41,4.68935279167,0.999621395868,0.000957914250407
6.42,4.69934905315,0.999630863505,0.00093569213847
6.43,4.70934540821,0.999640111277,0.000913939863498
6.44,4.71934185466,0.999649143839,0.000892648651754
6.45,4.72933839038,0.999657965758,0.000871809865392
6.46,4.73933501329,0.999666581516,0.000851415000995
6.47,4.74933172134,0.99967499551,0.000831455688116
6.48,4.75932851254,0.999683212054,0.000811923687817
6.49,4.76932538494,0.999691235381,0.000792810891215
6.5,4.77932233662,0.999699069642,0.000774109318024
6.51,4.78931936571,0.999706718912,0.000755811115104
6.52,4.79931647039,0.999714187184,0.000737908555012
6.53,4.80931364887,0.999721478376,0.000720394034553
6.54,4.81931089938,0.999728596333,0.000703260073343
6.55,4.82930822023,0.999735544822,0.000686499312363
6.56,4.83930560973,0.999742327539,0.000670104512533
6.57,4.84930306624,0.999748948108,0.000654068553274
6.58,4.85930058816,0.999755410083,0.000638384431089
6.59,4.86929817392,0.999761716946,0.000623045258141
6.6,4.87929582199,0.999767872115,0.000608044260839
6.61,4.88929353087,0.999773878937,0.00059337477843
6.62,4.89929129909,0.999779740694,0.000579030261599
6.63,4.90928912521,0.999785460604,0.000565004271067
6.64,4.91928700784,0.99979104182,0.000551290476209
6.65,4.9292849456,0.999796487433,0.000537882653667
6.66,4.93928293715,0.999801800472,0.000524774685977
6.67,4.94928098117,0.999806983906,0.000511960560198
6.68,4.9592790764,0.999812040643,0.000499434366554
6.69,4.96927722157,0.999816973534,0.000487190297082
6.7,4.97927541547,0.99982178537,0.000475222644286
6.71,4.98927365689,0.999826478889,0.000463525799797
6.72,4.99927194466,0.999831056771,0.000452094253053
6.73,5.00927027765,0.999835521641,0.000440922589971
6.74,5.01926865473,0.999839876071,0.000430005491641
6.75,5.02926707481,0.999844122582,0.000419337733024
6.76,5.03926553683,0.99984826364,0.000408914181653
6.77,5.04926403974,0.999852301662,0.00039872979636
6.78,5.05926258252,0.999856239016,0.000388779625992
6.79,5.06926116419,0.999860078019,0.00037905880815
6.8,5.07925978376,0.999863820941,0.000369562567933
6.81,5.0892584403,0.999867470004,0.000360286216697
6.82,5.09925713286,0.999871027383,0.00035122515081
6.83,5.10925586054,0.999874495209,0.000342374850437
6.84,5.11925462247,0.999877875568,0.000333730878318
6.85,5.12925341777,0.9998811705,0.000325288878564
6.86,5.1392522456,0.999884382004,0.000317044575465
6.87,5.14925110514,0.999887512036,0.000308993772302
6.88,5.15924999558,0.999890562511,0.000301132350176
6.89,5.16924891613,0.999893535301,0.000293456266843
6.9,5.17924786603,0.999896432241,0.000285961555563
6.91,5.18924684453,0.999899255124,0.000278644323956
6.92,5.19924585089,0.999902005706,0.000271500752873
6.93,5.20924488441,0.999904685705,0.000264527095276
6.94,5.21924394438,0.999907296802,0.000257719675126
6.95,5.22924303012,0.999909840641,0.000251074886288
6.96,5.23924214097,0.99991231883,0.000244589191441
6.97,5.24924127628,0.999914732943,0.000238259121005
6.98,5.25924043542,0.99991708452,0.000232081272072
6.99,5.26923961777,0.999919375065,0.000226052307354
7,5.27923882272,0.999921606051,0.00022016895414
7.01,5.2892380497,0.999923778919,0.000214428003266
7.02,5.29923729811,0.999925895076,0.000208826308088
7.03,5.30923656741,0.999927955899,0.000203360783482
7.04,5.31923585705,0.999929962735,0.000198028404837
7.05,5.32923516649,0.999931916901,0.000192826207074
7.06,5.33923449522,0.999933819683,0.000187751283664
7.07,5.34923384272,0.999935672341,0.000182800785671
7.08,5.3592332085,0.999937476105,0.000177971920792
7.09,5.36923259208,0.999939232176,0.000173261952417
7.1,5.37923199299,0.999940941731,0.000168668198699
7.11,5.38923141077,0.999942605919,0.000164188031631
7.12,5.39923084496,0.999944225862,0.00015981887614
7.13,5.40923029514,0.999945802658,0.000155558209184
7.14,5.41922976087,0.999947337379,0.000151403558873
7.15,5.42922924175,0.999948831074,0.000147352503585
7.16,5.43922873736,0.999950284767,0.000143402671107
7.17,5.44922824732,0.999951699457,0.000139551737778
7.18,5.45922777123,0.999953076124,0.000135797427646
7.19,5.46922730871,0.99995441572,0.000132137511636
7.2,5.47922685942,0.999955719181,0.000128569806731
7.21,5.48922642298,0.999956987417,0.000125092175156
7.22,5.49922599905,0.999958221318,0.000121702523584
7.23,5.5092255873,0.999959421754,0.000118398802344
7.24,5.51922518738,0.999960589574,0.00011517900464
7.25,5.52922479898,0.999961725607,0.000112041165788
7.26,5.53922442179,0.999962830664,0.000108983362453
7.27,5.54922405549,0.999963905535,0.000106003711906
7.28,5.5592236998,0.999964950992,0.000103100371286
7.29,5.56922335442,0.99996596779,0.000100271536872
7.3,5.57922301906,0.999966956665,9.75154433666e-05
7.31,5.58922269346,0.999967918336,9.48303631935e-05
7.32,5.59922237734,0.999968853504,9.22146057974e-05
7.33,5.60922207045,0.999969762854,8.96665169596e-05
7.34,5.61922177252,0.999970647054,8.71844781219e-05
7.35,5.6292214833,0.999971506758,8.47669057205e-05
7.36,5.63922120257,0.999972342602,8.24122505292e-05
7.37,5.64922093008,0.999973155208,8.0118997013e-05
7.38,5.6592206656,0.999973945182,7.78856626912e-05
7.39,5.66922040891,0.999974713116,7.57107975095e-05
7.4,5.67922015979,0.999975459588,7.35929832225e-05
7.41,5.68921991803,0.999976185161,7.15308327847e-05
7.42,5.69921968343,0.999976890386,6.95229897515e-05
7.43,5.70921945577,0.999977575798,6.75681276894e-05
7.44,5.71921923488,0.99997824192,6.56649495944e-05
7.45,5.72921902055,0.999978889265,6.38121873209e-05
7.46,5.7392188126,0.999979518328,6.20086010187e-05
7.47,5.74921861086,0.999980129596,6.02529785789e-05
7.48,5.75921841514,0.999980723544,5.85441350888e-05
7.49,5.76921822527,0.999981300631,5.68809122957e-05
7.5,5.77921804109,0.99998186131,5.52621780789e-05
7.51,5.78921786244,0.999982406019,5.36868259308e-05
7.52,5.79921768916,0.999982935188,5.21537744456e-05
7.53,5.8092175211,0.999983449232,5.06619668174e-05
7.54,5.8192173581,0.999983948561,4.92103703458e-05
7.55,5.82921720002,0.99998443357,4.77979759501e-05
7.56,5.83921704672,0.999984904648,4.6423797691e-05
7.57,5.84921689807,0.999985362171,4.50868723015e-05
7.58,5.85921675392,0.999985806506,4.37862587242e-05
7.59,5.86921661416,0.999986238014,4.25210376578e-05
7.6,5.87921647864,0.999986657042,4.12903111101e-05
7.61,5.88921634726,0.999987063932,4.00932019597e-05
7.62,5.89921621988,0.999987459015,3.89288535246e-05
7.63,5.9092160964,0.999987842615,3.77964291385e-05
7.64,5.9192159767,0.999988215048,3.66951117343e-05
7.65,5.92921586066,0.999988576619,3.56241034352e-05
7.66,5.93921574819,0.999988927628,3.45826251526e-05
7.67,5.94921563918,0.999989268367,3.35699161911e-05
7.68,5.95921553353,0.99998959912,3.25852338612e-05
7.69,5.96921543113,0.999989920163,3.16278530978e-05
7.7,5.9792153319,0.999990231765,3.06970660863e-05
7.71,5.98921523574,0.99999053419,2.97921818956e-05
7.72,5.99921514255,0.999990827693,2.89125261166e-05
7.73,6.00921505226,0.999991112523,2.80574405089e-05
7.74,6.01921496478,0.999991388922,2.72262826524e-05
7.75,6.02921488001,0.999991657126,2.64184256065e-05
7.76,6.03921479789,0.999991917366,2.56332575747e-05
7.77,6.04921471833,0.999992169865,2.4870181576e-05
7.78,6.05921464126,0.999992414841,2.41286151219e-05
7.79,6.06921456661,0.999992652507,2.34079899003e-05
7.8,6.07921449429,0.999992883069,2.2707751464e-05
7.81,6.08921442424,0.999993106728,2.20273589264e-05
7.82,6.0992143564,0.999993323681,2.13662846624e-05
7.83,6.1092142907,0.999993534117,2.07240140144e-05
7.84,6.11921422706,0.999993738222,2.01000450052e-05
7.85,6.12921416544,0.999993936177,1.94938880553e-05
7.86,6.13921410577,0.999994128157,1.89050657061e-05
7.87,6.14921404798,0.999994314334,1.83331123487e-05
7.88,6.15921399203,0.999994494874,1.77775739571e-05
7.89,6.16921393786,0.999994669939,1.72380078279e-05
7.9,6.17921388542,0.999994839686,1.67139823239e-05
7.91,6.18921383464,0.999995004269,1.62050766233e-05
7.92,6.19921378548,0.999995163837,1.57108804741e-05
7.93,6.2092137379,0.999995318534,1.52309939526e-05
7.94,6.21921369184,0.999995468503,1.47650272277e-05
7.95,6.22921364726,0.99999561388,1.43126003288e-05
7.96,6.2392136041,0.999995754799,1.38733429197e-05
7.97,6.24921356234,0.99999589139,1.34468940755e-05
7.98,6.25921352192,0.999996023778,1.30329020655e-05
7.99,6.2692134828,0.999996152088,1.26310241395e-05
8,6.27921344494,0.999996276438,1.22409263188e-05
8.01,6.28921340831,0.999996396945,1.18622831917e-05
8.02,6.29921337287,0.999996513721,1.14947777128e-05
8.03,6.30921333858,0.999996626876,1.11381010068e-05
8.04,6.3192133054,0.999996736518,1.07919521758e-05
8.05,6.3292132733,0.99999684275,1.04560381117e-05
8.06,6.33921324224,0.999996945672,1.0130073311e-05
8.07,6.3492132122,0.999997045383,9.81377969513e-06
8.08,6.35921318314,0.999997141979,9.50688643298e-06
8.09,6.36921315503,0.999997235552,9.20912976843e-06
8.1,6.37921312784,0.999997326191,8.92025285081e-06
8.11,6.38921310154,0.999997413985,8.64000556924e-06
8.12,6.39921307611,0.999997499019,8.36814439044e-06
8.13,6.40921305151,0.999997581375,8.10443220002e-06
8.14,6.41921302773,0.999997661134,7.84863814718e-06
8.15,6.42921300473,0.999997738374,7.60053749273e-06
8.16,6.43921298249,0.99999781317,7.35991146051e-06
8.17,6.44921296098,0.999997885596,7.12654709187e-06
8.18,6.45921294019,0.999997955724,6.90023710346e-06
8.19,6.46921292009,0.999998023624,6.68077974804e-06
8.2,6.47921290066,0.999998089362,6.46797867842e-06
8.21,6.48921288187,0.999998153005,6.26164281433e-06
8.22,6.49921286371,0.999998214616,6.06158621229e-06
8.23,6.50921284616,0.999998274257,5.86762793828e-06
8.24,6.51921282919,0.999998331988,5.67959194337e-06
8.25,6.52921281279,0.999998387868,5.49730694197e-06
8.26,6.53921279694,0.999998441953,5.32060629296e-06
8.27,6.54921278162,0.999998494298,5.14932788338e-06
8.28,6.55921276682,0.999998544957,4.98331401479e-06
8.29,6.56921275252,0.999998593981,4.82241129218e-06
8.3,6.5792127387,0.999998641422,4.66647051544e-06
8.31,6.58921272534,0.999998687327,4.51534657324e-06
8.32,6.59921271244,0.999998731744,4.36889833936e-06
8.33,6.60921269997,0.99999877472,4.22698857143e-06
8.34,6.61921268793,0.999998816299,4.08948381195e-06
8.35,6.62921267629,0.999998856524,3.9562542916e-06
8.36,6.63921266505,0.999998895438,3.82717383479e-06
8.37,6.6492126542,0.999998933081,3.70211976742e-06
8.38,6.65921264371,0.999998969493,3.58097282677e-06
8.39,6.66921263358,0.999999004713,3.46361707346e-06
8.4,6.6792126238,0.999999038778,3.34993980557e-06
8.41,6.68921261435,0.999999071724,3.23983147464e-06
8.42,6.69921260523,0.999999103586,3.13318560377e-06
8.43,6.70921259642,0.999999134399,3.02989870758e-06
8.44,6.71921258792,0.999999164195,2.92987021412e-06
8.45,6.7292125797,0.999999193007,2.83300238858e-06
8.46,6.73921257177,0.999999220865,2.73920025886e-06
8.47,6.74921256412,0.9999992478,2.64837154292e-06
8.48,6.75921255673,0.999999273842,2.56042657783e-06
8.49,6.76921254959,0.999999299018,2.47527825061e-06
8.5,6.7792125427,0.999999323357,2.39284193062e-06
8.51,6.78921253606,0.999999346884,2.3130354037e-06
8.52,6.79921252964,0.999999369626,2.23577880784e-06
8.53,6.80921252345,0.999999391608,2.16099457046e-06
8.54,6.81921251747,0.999999412854,2.08860734716e-06
8.55,6.8292125117,0.999999433388,2.01854396203e-06
8.56,6.83921250613,0.999999453232,1.95073334938e-06
8.57,6.84921250076,0.99999947241,1.88510649696e-06
8.58,6.85921249558,0.999999490941,1.82159639053e-06
8.59,6.86921249058,0.999999508848,1.76013795979e-06
8.6,6.87921248576,0.999999526151,1.70066802574e-06
8.61,6.8892124811,0.999999542868,1.64312524924e-06
8.62,6.89921247661,0.999999559019,1.58745008094e-06
8.63,6.90921247228,0.999999574623,1.53358471241e-06
8.64,6.9192124681,0.999999589697,1.48147302851e-06
8.65,6.92921246407,0.999999604258,1.431060561e-06
8.66,6.93921246018,0.999999618324,1.38229444325e-06
8.67,6.94921245644,0.999999631909,1.33512336616e-06
8.68,6.95921245282,0.999999645031,1.28949753514e-06
8.69,6.96921244934,0.999999657704,1.24536862825e-06
8.7,6.97921244597,0.999999669943,1.20268975533e-06
8.71,6.98921244273,0.999999681763,1.16141541828e-06
8.72,6.99921243961,0.999999693176,1.12150147223e-06
8.73,7.0092124366,0.999999704197,1.08290508782e-06
8.74,7.01921243369,0.999999714839,1.0455847144e-06
8.75,7.02921243089,0.999999725113,1.00950004419e-06
8.76,7.03921242819,0.999999735033,9.74611977357e-07
8.77,7.04921242559,0.999999744609,9.40882588018e-07
8.78,7.05921242308,0.999999753854,9.08275091135e-07
8.79,7.06921242067,0.999999762778,8.76753810244e-07
8.8,7.07921241834,0.999999771393,8.4628414606e-07
8.81,7.08921241609,0.999999779707,8.16832545884e-07
8.82,7.09921241393,0.999999787733,7.88366473831e-07
8.83,7.10921241185,0.999999795478,7.60854381836e-07
8.84,7.11921240984,0.999999802953,7.34265681426e-07
8.85,7.12921240791,0.999999810166,7.08570716246e-07
8.86,7.13921240604,0.999999817127,6.83740735311e-07
8.87,7.14921240425,0.999999823844,6.59747866976e-07
8.88,7.15921240252,0.999999830325,6.36565093593e-07
8.89,7.16921240085,0.999999836578,6.14166226855e-07
8.9,7.17921239925,0.999999842611,5.925258838e-07
8.91,7.1892123977,0.999999848431,5.71619463459e-07
8.92,7.19921239622,0.999999854045,5.51423124137e-07
8.93,7.20921239478,0.999999859461,5.31913761304e-07
8.94,7.21921239341,0.999999864686,5.13068986092e-07
8.95,7.22921239208,0.999999869725,4.94867104373e-07
8.96,7.2392123908,0.999999874585,4.77287096403e-07
8.97,7.24921238957,0.999999879273,4.60308597031e-07
8.98,7.25921238838,0.999999883793,4.43911876446e-07
8.99,7.26921238724,0.999999888153,4.28077821447e-07
9,7.27921238615,0.999999892357,4.12787917236e-07
9.01,7.28921238509,0.99999989641,3.9802422971e-07
9.02,7.29921238407,0.999999900319,3.83769388242e-07
9.03,7.3092123831,0.999999904087,3.7000656894e-07
9.04,7.31921238216,0.999999907721,3.56719478369e-07
9.05,7.32921238125,0.999999911223,3.43892337732e-07
9.06,7.33921238038,0.9999999146,3.31509867482e-07
9.07,7.34921237954,0.999999917855,3.19557272377e-07
9.08,7.35921237874,0.999999920992,3.0802022694e-07
9.09,7.36921237796,0.999999924017,2.96884861342e-07
9.1,7.37921237722,0.999999926931,2.86137747672e-07
9.11,7.3892123765,0.999999929741,2.75765886597e-07
9.12,7.39921237581,0.999999932448,2.65756694402e-07
9.13,7.40921237515,0.999999935057,2.56097990396e-07
9.14,7.41921237451,0.999999937571,2.46777984675e-07
9.15,7.4292123739,0.999999939994,2.37785266233e-07
9.16,7.43921237331,0.999999942328,2.29108791416e-07
9.17,7.44921237275,0.999999944577,2.20737872702e-07
9.18,7.4592123722,0.999999946744,2.12662167806e-07
9.19,7.46921237168,0.999999948831,2.04871669094e-07
9.2,7.47921237118,0.999999950842,1.97356693309e-07
9.21,7.4892123707,0.999999952779,1.90107871586e-07
9.22,7.49921237023,0.999999954645,1.83116139758e-07
9.23,7.50921236979,0.999999956442,1.76372728947e-07
9.24,7.51921236936,0.999999958173,1.69869156424e-07
9.25,7.52921236895,0.99999995984,1.63597216737e-07
9.26,7.53921236856,0.999999961446,1.57548973095e-07
9.27,7.54921236818,0.999999962992,1.51716749011e-07
9.28,7.55921236782,0.999999964481,1.46093120182e-07
9.29,7.56921236747,0.999999965915,1.40670906609e-07
9.3,7.57921236714,0.999999967295,1.35443164957e-07
9.31,7.58921236682,0.999999968624,1.30403181129e-07
9.32,7.59921236651,0.999999969904,1.25544463066e-07
9.33,7.60921236621,0.999999971136,1.20860733758e-07
9.34,7.61921236593,0.999999972321,1.16345924466e-07
9.35,7.62921236566,0.999999973463,1.11994168142e-07
9.36,7.6392123654,0.999999974562,1.07799793043e-07
9.37,7.64921236515,0.999999975619,1.03757316543e-07
9.38,7.65921236491,0.999999976637,9.98614391258e-08
9.39,7.66921236468,0.999999977617,9.61070385557e-08
9.4,7.67921236447,0.99999997856,9.24891642286e-08
9.41,7.68921236426,0.999999979467,8.90030316897e-08
9.42,7.69921236405,0.999999980341,8.56440173179e-08
9.43,7.70921236386,0.999999981181,8.24076531713e-08
9.44,7.71921236368,0.999999981989,7.92896219879e-08
9.45,7.7292123635,0.999999982767,7.62857523391e-08
9.46,7.73921236333,0.999999983515,7.33920139301e-08
9.47,7.74921236317,0.999999984235,7.0604513044e-08
9.48,7.75921236302,0.999999984928,6.79194881247e-08
9.49,7.76921236287,0.999999985594,6.53333054956e-08
9.5,7.77921236273,0.999999986235,6.28424552091e-08
9.51,7.7892123626,0.999999986851,6.0443547024e-08
9.52,7.79921236247,0.999999987444,5.81333065068e-08
9.53,7.80921236234,0.999999988014,5.59085712533e-08
9.54,7.81921236223,0.999999988562,5.37662872268e-08
9.55,7.82921236212,0.999999989089,5.17035052105e-08
9.56,7.83921236201,0.999999989597,4.9717377369e-08
9.57,7.84921236191,0.999999990084,4.78051539177e-08
9.58,7.85921236181,0.999999990553,4.59641798957e-08
9.59,7.86921236172,0.999999991004,4.41918920391e-08
9.6,7.87921236163,0.999999991437,4.24858157529e-08
9.61,7.88921236155,0.999999991854,4.08435621772e-08
9.62,7.89921236147,0.999999992254,3.92628253461e-08
9.63,7.90921236139,0.999999992639,3.77413794353e-08
9.64,7.91921236132,0.999999993009,3.62770760974e-08
9.65,7.92921236125,0.999999993365,3.4867841881e-08
9.66,7.93921236119,0.999999993707,3.35116757309e-08
9.67,7.94921236113,0.999999994035,3.2206646569e-08
9.68,7.95921236107,0.999999994351,3.09508909506e-08
9.69,7.96921236101,0.999999994654,2.97426107963e-08
9.7,7.97921236096,0.999999994946,2.85800711959e-08
9.71,7.98921236091,0.999999995226,2.74615982827e-08
9.72,7.99921236087,0.999999995495,2.63855771754e-08
9.73,8.00921236082,0.999999995754,2.53504499866e-08
9.74,8.01921236078,0.999999996002,2.43547138952e-08
9.75,8.02921236074,0.999999996241,2.33969192803e-08
9.76,8.03921236071,0.99999999647,2.24756679163e-08
9.77,8.04921236067,0.999999996691,2.15896112255e-08
9.78,8.05921236064,0.999999996902,2.07374485877e-08
9.79,8.06921236061,0.999999997106,1.99179257045e-08
9.8,8.07921236058,0.999999997301,1.9129833017e-08
9.81,8.08921236056,0.999999997488,1.83720041745e-08
9.82,8.09921236053,0.999999997668,1.7643314554e-08
9.83,8.10921236051,0.999999997841,1.69426798274e-08
9.84,8.11921236049,0.999999998007,1.62690545757e-08
9.85,8.12921236047,0.999999998167,1.56214309488e-08
9.86,8.13921236045,0.99999999832,1.49988373697e-08
9.87,8.14921236044,0.999999998467,1.44003372806e-08
9.88,8.15921236042,0.999999998608,1.38250279311e-08
9.89,8.16921236041,0.999999998743,1.32720392059e-08
9.9,8.1792123604,0.999999998873,1.27405324916e-08
9.91,8.18921236038,0.999999998998,1.22296995809e-08
9.92,8.19921236038,0.999999999118,1.17387616136e-08
9.93,8.20921236037,0.999999999233,1.12669680524e-08
9.94,8.21921236036,0.999999999343,1.08135956929e-08
9.95,8.22921236035,0.999999999449,1.0377947707e-08
9.96,8.23921236035,0.999999999551,9.95935271783e-09
9.97,8.24921236034,0.999999999649,9.5571639064e-09
9.98,8.25921236034,0.999999999742,9.17075814735e-09
9.99,8.26921236034,0.999999999832,8.79953517448e-09
10,8.27921236034,0.999999999918,8.44291677408e-09
